<?xml version="1.0" encoding="UTF-8" ?>
<!DOCTYPE log4j:configuration SYSTEM "log4j.dtd">

<log4j:configuration xmlns:log4j="http://jakarta.apache.org/log4j/">

	<!-- Console Appender -->
	<appender name="developmentLog" class="org.apache.log4j.ConsoleAppender">
		<layout class="org.apache.log4j.PatternLayout">
			<param name="ConversionPattern" value="%d{yyyy-MM-dd} [%-5p] %m (%F:%L) \n" />
		</layout>
	</appender>

	
	<!-- DailyRollingFileAppender(주기적 로그 파일 생성) -->
	<appender name="productionLog" class="org.apache.log4j.DailyRollingFileAppender">
		<param name="file" value="C:/Users/PE60/Desktop/KOSTA/logs/SpringBlog" />
		<param name="encoding" value="utf-8" />
		<!-- <param name="datePattern" value="'.'yyyy-MM-dd'.log'" />--><!-- 매일 자정에 날짜가 붙은 로그파일 생성 -->
		<param name="datePattern" value="'.'yyyy-MM-dd-HH-mm'.log'" />
		<layout class="org.apache.log4j.PatternLayout">
			<param name="ConversionPattern" value="%d{yyyy-MM-dd HH:mm:ss} [%-5p] [%C{5}:%L] %m %n" />
		</layout>
	</appender>

	<!-- 패키지별 로그 설정 -->
	
	<!-- 3rdparty Loggers -->
	<logger name="org.springframework.core">
		<level value="info" />
	</logger>
	
	<logger name="org.springframework.beans">
		<level value="info" />
	</logger>
	
	
	<logger name="org.springframework.context">
		<level value="info" />
	</logger>

	<logger name="org.springframework.web">
		<level value="info" />
	</logger>
	
	<!-- Application Loggers -->
	<logger name="com.kosta.blog">
		<level value="info" />
	</logger>

	<root>
		<level value="warn" />                  <!-- 디폴트 로그 레벨 -->
		<appender-ref ref="developmentLog" />   <!-- 개발기간 중 설정 -->
		<appender-ref ref="productionLog" />    <!-- 운영기간 중 설정 -->
	</root>
	
</log4j:configuration>