<?xml version="1.0" encoding="UTF-8"?>
<!DOCTYPE mapper PUBLIC "-//mybatis.org//DTD Mapper 3.0//EN"
                        "http://mybatis.org/dtd/mybatis-3-mapper.dtd">
                        
<mapper namespace="com.fms.www.article">
	
	<!-- 게시글 등록 -->
	<insert id="create" parameterType="com.fms.www.article.domain.Board">
		INSERT INTO tbl_board (bno, title, content, writer) 
            VALUES (bno_seq.nextval,#{title},#{content},#{writer})
	</insert>
	
	<!-- 게시글 조회 -->
	<select id="read" resultType="com.fms.www.article.domain.Board">
	   SELECT *
	   FROM tbl_board
	   WHERE bno = #{bno}
	</select>
	
	<!-- 게시글 수정 -->
	<select id="update" resultType="com.fms.www.article.domain.Board">
	  update tbl_board
	  set title=#{title},content=#{content}
	  where bno=#{bno}
	</select> 
	
	<!-- 게시글 삭제 -->
	<delete id="delete">
	  delete from tbl_board where bno=#{bno}
	</delete>
	
	<!-- 전체 게시글 조회 -->
	<select id="listAll" resultType="com.fms.www.article.domain.Board">
	  select *
	  from tbl_board
	  where bno > 0 
	  order by bno desc
	</select>
	
	<!-- 페이지처리  게시글  -->
	<select id="listPage" resultType="com.fms.www.article.domain.Board">
	<![CDATA[
	SELECT bno, title, content, writer, regdate, viewcnt
	FROM (SELECT CEIL(ROWNUM/#{perPageNum}) page, bno, title, content, writer, regdate, viewcnt FROM tbl_board ORDER BY bno DESC)
	WHERE page = #{page}
	ORDER BY bno DESC
	]]> 
	</select>
	
	<!-- 페이지 Count -->
	<select id="countPaging" resultType="int">
	select count(bno)
	from tbl_board
	where bno>0
	</select>
	
	<!--Search list 출력-->
	<select id="listSearch" resultType="com.fms.www.article.domain.Board">
	 select *
	 from tbl_board
	 where bno > 0
	</select>
	
	<!-- Search list count -->
	<select id="listSearchCount" resultType="int">
	 select count(bno)
	 from tbl_board
	 where bno > 0
	</select>
	
	
	
</mapper>